game_id,team,week,name,pass_type,x,y
0,chicago-bears,3,Justin Fields,COMPLETE,4.548537252917769,6.216447295541756
0,chicago-bears,3,Justin Fields,COMPLETE,-20.827083348511696,10.311407916490996
0,chicago-bears,3,Justin Fields,COMPLETE,13.070547649661853,6.736407102429475
0,chicago-bears,3,Justin Fields,COMPLETE,-11.760856490591992,-5.665839528630372
0,chicago-bears,3,Justin Fields,COMPLETE,-25.70866222051124,11.685779816513655
0,chicago-bears,3,Justin Fields,COMPLETE,17.863339834227414,1.672198390581485
0,chicago-bears,3,Justin Fields,INCOMPLETE,5.983317962211318,5.365238308346389
0,chicago-bears,3,Justin Fields,INCOMPLETE,-20.170818928765332,7.783196523418651
0,chicago-bears,3,Justin Fields,INCOMPLETE,24.44754342085231,16.351523779394736
0,chicago-bears,3,Justin Fields,INCOMPLETE,-9.640111601181207,5.271759281266347
0,chicago-bears,3,Justin Fields,INCOMPLETE,-17.249442384845896,-3.9576535454421893
0,chicago-bears,3,Justin Fields,INCOMPLETE,-25.933331057009706,9.28835016144741
0,chicago-bears,3,Justin Fields,INCOMPLETE,-17.53077517246726,4.045195557701608
0,chicago-bears,3,Justin Fields,INCOMPLETE,-8.489566746532422,2.9697841069880204
0,chicago-bears,3,Justin Fields,INCOMPLETE,-11.400603507247002,8.77926505238885
0,chicago-bears,3,Justin Fields,INCOMPLETE,25.126653783183908,11.805802635868323
0,chicago-bears,3,Justin Fields,INCOMPLETE,7.486123317995942,6.135905179782324
0,chicago-bears,3,Justin Fields,INCOMPLETE,-21.21563983927409,7.525640345760204
0,chicago-bears,3,Justin Fields,INCOMPLETE,-20.70406699142793,5.1566219713008765
0,chicago-bears,3,Justin Fields,INCOMPLETE,6.656256936408471,5.683363368283093
0,chicago-bears,4,Justin Fields,COMPLETE,23.689960947472013,29.441651376146407
0,chicago-bears,4,Justin Fields,COMPLETE,-3.564946672675215,6.403322432205623
0,chicago-bears,4,Justin Fields,COMPLETE,9.783610504310465,-4.57094737246212
0,chicago-bears,4,Justin Fields,COMPLETE,10.707831194720864,40.73495869025242
0,chicago-bears,4,Justin Fields,COMPLETE,21.666499044814014,4.63977981651371
0,chicago-bears,4,Justin Fields,COMPLETE,-17.094099516094815,17.350648381975326
0,chicago-bears,4,Justin Fields,COMPLETE,5.289694723301298,20.02259430418652
0,chicago-bears,4,Justin Fields,COMPLETE,-10.717090327857942,-5.376107287109971
0,chicago-bears,4,Justin Fields,COMPLETE,-7.319135507826899,4.684131541824581
0,chicago-bears,4,Justin Fields,COMPLETE,22.95050191170215,27.41502555060779
0,chicago-bears,4,Justin Fields,COMPLETE,21.750896336749282,6.440122595688812
0,chicago-bears,4,Justin Fields,INTERCEPTION,-17.14044081747937,11.016589166771396
0,chicago-bears,4,Justin Fields,INCOMPLETE,-8.390900834560801,-0.055555555555375
0,chicago-bears,4,Justin Fields,INCOMPLETE,22.703955218292165,21.785621728087975
0,chicago-bears,4,Justin Fields,INCOMPLETE,23.60392992791266,7.763737324963761
0,chicago-bears,4,Justin Fields,INCOMPLETE,18.25830049261083,32.05259411578629
0,chicago-bears,4,Justin Fields,INCOMPLETE,24.165401693667253,14.299439347604487
0,chicago-bears,2,Justin Fields,COMPLETE,21.72588662872729,11.499547144881744
0,chicago-bears,2,Justin Fields,COMPLETE,-22.560677332833162,4.894603461485617
0,chicago-bears,2,Justin Fields,COMPLETE,15.96517993070539,0.6674871335870365
0,chicago-bears,2,Justin Fields,COMPLETE,-20.32598565334436,19.386934514394053
0,chicago-bears,2,Justin Fields,COMPLETE,22.60977141109793,11.987304795966045
0,chicago-bears,2,Justin Fields,COMPLETE,17.069250148667802,-0.0392893224887338
0,chicago-bears,2,Justin Fields,INTERCEPTION,0.392556465160162,2.6191227064220186
0,chicago-bears,2,Justin Fields,INCOMPLETE,-24.545014039715884,8.895705212219067
0,chicago-bears,2,Justin Fields,INCOMPLETE,20.579877048537945,19.66977357017371
0,chicago-bears,2,Justin Fields,INCOMPLETE,1.2037532249136091,3.4039950549809124
0,chicago-bears,2,Justin Fields,INCOMPLETE,-24.829947641427673,34.515245547760514
0,chicago-bears,2,Justin Fields,INCOMPLETE,-20.037212466429832,21.804101457096653
0,chicago-bears,2,Justin Fields,INCOMPLETE,-22.964922928629367,14.122770848366137
0,jacksonville-jaguars,1,Trevor Lawrence,COMPLETE,9.90936374789011,-2.2754145989528154
0,jacksonville-jaguars,1,Trevor Lawrence,COMPLETE,-11.56589473345604,-3.2534518348623034
0,jacksonville-jaguars,1,Trevor Lawrence,COMPLETE,21.01539373042098,17.196171036679253
0,jacksonville-jaguars,1,Trevor Lawrence,COMPLETE,-11.96191864988199,15.130518922018442
0,jacksonville-jaguars,1,Trevor Lawrence,COMPLETE,8.65750766305403,18.146992638149356
0,jacksonville-jaguars,1,Trevor Lawrence,COMPLETE,0.5483850915366437,10.995880921175857
0,jacksonville-jaguars,1,Trevor Lawrence,COMPLETE,-5.818964023109376,6.267057281628255
0,jacksonville-jaguars,1,Trevor Lawrence,COMPLETE,19.75808837946926,1.8613659531091082
0,jacksonville-jaguars,1,Trevor Lawrence,COMPLETE,-15.338240227501434,-1.778669724770562
0,jacksonville-jaguars,1,Trevor Lawrence,COMPLETE,3.771199978190458,-1.4272760845901862
0,jacksonville-jaguars,1,Trevor Lawrence,COMPLETE,17.567571896309815,26.20955798304257
0,jacksonville-jaguars,1,Trevor Lawrence,COMPLETE,13.702385550577693,5.710745893837203
0,jacksonville-jaguars,1,Trevor Lawrence,COMPLETE,2.278025904858794,6.446127363298896
0,jacksonville-jaguars,1,Trevor Lawrence,COMPLETE,11.568405976402058,-2.7099850650735267
0,jacksonville-jaguars,1,Trevor Lawrence,COMPLETE,23.3877190369149,17.677170875263037
0,jacksonville-jaguars,1,Trevor Lawrence,COMPLETE,-14.845684979343078,5.516707066368019
0,jacksonville-jaguars,1,Trevor Lawrence,COMPLETE,-10.638934607114374,-3.273501358525665
0,jacksonville-jaguars,1,Trevor Lawrence,COMPLETE,-12.833697719657644,19.560864011148634
0,jacksonville-jaguars,1,Trevor Lawrence,COMPLETE,4.244299486217118,4.063298913669331
0,jacksonville-jaguars,1,Trevor Lawrence,COMPLETE,8.644929832865351,-2.0523984563532034
0,jacksonville-jaguars,1,Trevor Lawrence,COMPLETE,-3.8653398538661787,6.241013213317194
0,jacksonville-jaguars,1,Trevor Lawrence,COMPLETE,-13.26513037608503,-2.560324860881256
0,jacksonville-jaguars,1,Trevor Lawrence,COMPLETE,8.116415113490964,-4.728091344236046
0,jacksonville-jaguars,1,Trevor Lawrence,COMPLETE,12.545659242163886,-2.916047233197091
0,jacksonville-jaguars,1,Trevor Lawrence,COMPLETE,-9.800781848642947,-0.3141330855881304
0,jacksonville-jaguars,1,Trevor Lawrence,TOUCHDOWN,-1.0944849673202675,8.43893985728848
0,jacksonville-jaguars,1,Trevor Lawrence,TOUCHDOWN,-22.19333899594321,37.21417273014869
0,jacksonville-jaguars,1,Trevor Lawrence,TOUCHDOWN,-11.450264705882352,17.060982191041557
0,jacksonville-jaguars,1,Trevor Lawrence,INTERCEPTION,-16.746392559262503,17.969327673558816
0,jacksonville-jaguars,1,Trevor Lawrence,INTERCEPTION,-1.865178415985272,15.047105771999842
0,jacksonville-jaguars,1,Trevor Lawrence,INTERCEPTION,-14.641499709752313,20.820859488169976
0,jacksonville-jaguars,1,Trevor Lawrence,INCOMPLETE,-6.749969054492888,10.151798277705861
0,jacksonville-jaguars,1,Trevor Lawrence,INCOMPLETE,22.01420974736055,16.74970595154078
0,jacksonville-jaguars,1,Trevor Lawrence,INCOMPLETE,11.285480998017256,3.1936398309452914
0,jacksonville-jaguars,1,Trevor Lawrence,INCOMPLETE,-16.16210120394324,4.936636757737693
0,jacksonville-jaguars,1,Trevor Lawrence,INCOMPLETE,-26.008312600725176,24.963239914540722
0,jacksonville-jaguars,1,Trevor Lawrence,INCOMPLETE,13.404832521860165,18.199231341433208
0,jacksonville-jaguars,1,Trevor Lawrence,INCOMPLETE,-9.911029887543252,12.30302212628168
0,jacksonville-jaguars,1,Trevor Lawrence,INCOMPLETE,5.925758207934304,6.365425645402164
0,jacksonville-jaguars,1,Trevor Lawrence,INCOMPLETE,24.2863884727803,11.047638042053686
0,jacksonville-jaguars,1,Trevor Lawrence,INCOMPLETE,-13.49458137254909,8.007951070336377
0,jacksonville-jaguars,1,Trevor Lawrence,INCOMPLETE,12.83326284021076,9.00047925510065
0,jacksonville-jaguars,1,Trevor Lawrence,INCOMPLETE,22.41058677306138,7.194380733944917
0,jacksonville-jaguars,1,Trevor Lawrence,INCOMPLETE,-17.3283286764707,-0.7436353211008693
0,jacksonville-jaguars,1,Trevor Lawrence,INCOMPLETE,26.32625434089297,13.761246822150955
0,jacksonville-jaguars,1,Trevor Lawrence,INCOMPLETE,-12.66105549622091,7.466762339193244
0,jacksonville-jaguars,1,Trevor Lawrence,INCOMPLETE,11.322551875337268,8.298375557613003
0,jacksonville-jaguars,1,Trevor Lawrence,INCOMPLETE,-8.601337915601027,16.287195851615483
0,jacksonville-jaguars,1,Trevor Lawrence,INCOMPLETE,21.90399665375121,19.69521507443833
0,jacksonville-jaguars,1,Trevor Lawrence,INCOMPLETE,-9.347454963235274,11.237276103101799
0,jacksonville-jaguars,1,Trevor Lawrence,INCOMPLETE,12.017866384432528,8.55555555555556
0,jacksonville-jaguars,3,Trevor Lawrence,COMPLETE,20.39836465633028,5.3380885169875985
0,jacksonville-jaguars,3,Trevor Lawrence,COMPLETE,-16.697221550955355,13.070228711719752
0,jacksonville-jaguars,3,Trevor Lawrence,COMPLETE,0.040053997217125374,12.476923509877839
0,jacksonville-jaguars,3,Trevor Lawrence,COMPLETE,-6.147584809019571,0.9637098036759556
0,jacksonville-jaguars,3,Trevor Lawrence,COMPLETE,9.166590700926415,9.58661397924699
0,jacksonville-jaguars,3,Trevor Lawrence,COMPLETE,-22.405991046249913,7.853910396182207
0,jacksonville-jaguars,3,Trevor Lawrence,COMPLETE,15.386258777827443,-0.3065774804906085
0,jacksonville-jaguars,3,Trevor Lawrence,COMPLETE,3.218170208838852,6.870685318705524
0,jacksonville-jaguars,3,Trevor Lawrence,COMPLETE,-3.1497870265572026,-4.786685289531509
0,jacksonville-jaguars,3,Trevor Lawrence,COMPLETE,-19.495959097358355,8.073394495412884
0,jacksonville-jaguars,3,Trevor Lawrence,COMPLETE,12.592426195908592,3.395526592747758
0,jacksonville-jaguars,3,Trevor Lawrence,COMPLETE,5.287194780178339,14.833176916741518
0,jacksonville-jaguars,3,Trevor Lawrence,COMPLETE,20.322804216294106,13.60282385107484
0,jacksonville-jaguars,3,Trevor Lawrence,COMPLETE,-19.1411884010669,2.0196578229606
0,jacksonville-jaguars,3,Trevor Lawrence,COMPLETE,-23.398237410384453,13.109983555478513
0,jacksonville-jaguars,3,Trevor Lawrence,COMPLETE,20.820525713725857,1.0789295909695062
0,jacksonville-jaguars,3,Trevor Lawrence,COMPLETE,2.2495261133199493,6.816576384757479
0,jacksonville-jaguars,3,Trevor Lawrence,COMPLETE,-4.8934373483617275,3.9776634671475075
0,jacksonville-jaguars,3,Trevor Lawrence,COMPLETE,-7.125397608233368,-0.6694714583081732
0,jacksonville-jaguars,3,Trevor Lawrence,COMPLETE,12.523839566382453,5.577921491953675
0,jacksonville-jaguars,3,Trevor Lawrence,COMPLETE,19.77680756397262,4.991786123853207
0,jacksonville-jaguars,3,Trevor Lawrence,TOUCHDOWN,0.11781296023564065,11.840137614678898
0,jacksonville-jaguars,3,Trevor Lawrence,INTERCEPTION,21.3592957599229,6.117340582172391
0,jacksonville-jaguars,3,Trevor Lawrence,INTERCEPTION,0.2251536573392205,11.363302752293581
0,jacksonville-jaguars,3,Trevor Lawrence,INCOMPLETE,-12.15655211912944,10.694755917997496
0,jacksonville-jaguars,3,Trevor Lawrence,INCOMPLETE,6.350027228824936,4.711435886494533
0,jacksonville-jaguars,3,Trevor Lawrence,INCOMPLETE,-26.172013273311567,17.56978824072473
0,jacksonville-jaguars,3,Trevor Lawrence,INCOMPLETE,1.6868673851922273,18.26376146788989
0,jacksonville-jaguars,3,Trevor Lawrence,INCOMPLETE,-7.8292937964726015,23.24116133363161
0,jacksonville-jaguars,3,Trevor Lawrence,INCOMPLETE,-22.19448133611941,10.043662039483143
0,jacksonville-jaguars,3,Trevor Lawrence,INCOMPLETE,-24.365291016200274,31.17944954128441
0,jacksonville-jaguars,3,Trevor Lawrence,INCOMPLETE,-25.334326449130298,14.782945325343382
0,jacksonville-jaguars,3,Trevor Lawrence,INCOMPLETE,-11.574627497359458,10.75739041794087
0,jacksonville-jaguars,3,Trevor Lawrence,INCOMPLETE,6.9184157279519,4.689478469294932
0,jacksonville-jaguars,4,Trevor Lawrence,COMPLETE,20.173736896820756,7.9034102702478375
0,jacksonville-jaguars,4,Trevor Lawrence,COMPLETE,-8.097077146046638,6.395079763922171
0,jacksonville-jaguars,4,Trevor Lawrence,COMPLETE,9.64967031163848,0.346730581375265
0,jacksonville-jaguars,4,Trevor Lawrence,COMPLETE,-23.095668939951572,8.166972477064228
0,jacksonville-jaguars,4,Trevor Lawrence,COMPLETE,16.472144728199066,47.91134833371734
0,jacksonville-jaguars,4,Trevor Lawrence,COMPLETE,-14.41390325740549,4.616215013666129
0,jacksonville-jaguars,4,Trevor Lawrence,COMPLETE,-2.9597191585885723,12.685418448921702
0,jacksonville-jaguars,4,Trevor Lawrence,COMPLETE,-25.296921369556635,26.76494892315672
0,jacksonville-jaguars,4,Trevor Lawrence,COMPLETE,24.47535823348246,7.938425859708634
0,jacksonville-jaguars,4,Trevor Lawrence,COMPLETE,-10.874304719131889,-2.769067732461552
0,jacksonville-jaguars,4,Trevor Lawrence,COMPLETE,7.604359872340208,4.322053709997446
0,jacksonville-jaguars,4,Trevor Lawrence,COMPLETE,-2.6908428103267954,5.105686858253849
0,jacksonville-jaguars,4,Trevor Lawrence,COMPLETE,-17.827242937474786,2.0906243007382974
0,jacksonville-jaguars,4,Trevor Lawrence,COMPLETE,10.625512538244317,-5.470948012232673
0,jacksonville-jaguars,4,Trevor Lawrence,COMPLETE,-13.720745285073875,2.5970087287602523
0,jacksonville-jaguars,4,Trevor Lawrence,COMPLETE,6.451104809371001,0.23569678190232451
0,jacksonville-jaguars,4,Trevor Lawrence,COMPLETE,18.92747798121782,6.755620993547158
0,jacksonville-jaguars,4,Trevor Lawrence,INCOMPLETE,-13.340460335151093,23.374659062732555
0,jacksonville-jaguars,4,Trevor Lawrence,INCOMPLETE,12.217089594921186,-3.841720851518562
0,jacksonville-jaguars,4,Trevor Lawrence,INCOMPLETE,-23.797318632025025,34.999859934168995
0,jacksonville-jaguars,4,Trevor Lawrence,INCOMPLETE,0.17444585691028314,13.283920811202321
0,jacksonville-jaguars,4,Trevor Lawrence,INCOMPLETE,-19.24298804154384,5.812738914373162
0,jacksonville-jaguars,4,Trevor Lawrence,INCOMPLETE,12.793820615777982,-3.8681841786393347
0,jacksonville-jaguars,4,Trevor Lawrence,INCOMPLETE,-0.4239114733593151,13.29898202840266
0,jacksonville-jaguars,2,Trevor Lawrence,COMPLETE,-24.12295223816879,8.130778917071439
0,jacksonville-jaguars,2,Trevor Lawrence,COMPLETE,12.753777125345442,-0.34993446920050103
0,jacksonville-jaguars,2,Trevor Lawrence,COMPLETE,-11.900394216093396,4.016513761467897
0,jacksonville-jaguars,2,Trevor Lawrence,COMPLETE,24.200358039105733,7.182067841622429
0,jacksonville-jaguars,2,Trevor Lawrence,COMPLETE,6.2454616061440325,5.822476528962794
0,jacksonville-jaguars,2,Trevor Lawrence,COMPLETE,-20.16198852514675,21.203068025981416
0,jacksonville-jaguars,2,Trevor Lawrence,COMPLETE,-9.146072720832754,17.247706422018375
0,jacksonville-jaguars,2,Trevor Lawrence,COMPLETE,16.20938573287392,-7.147937016913568
0,jacksonville-jaguars,2,Trevor Lawrence,COMPLETE,-14.891610886518878,3.4264515731790115
0,jacksonville-jaguars,2,Trevor Lawrence,COMPLETE,9.85390367409947,-2.2624176534777254
0,jacksonville-jaguars,2,Trevor Lawrence,COMPLETE,-11.042090710489902,11.059206437817997
0,jacksonville-jaguars,2,Trevor Lawrence,COMPLETE,14.327019058620571,-5.30445914230849
0,jacksonville-jaguars,2,Trevor Lawrence,COMPLETE,13.448025618344861,-0.31374481255809233
0,jacksonville-jaguars,2,Trevor Lawrence,TOUCHDOWN,24.82823984851673,29.649541284403675
0,jacksonville-jaguars,2,Trevor Lawrence,INTERCEPTION,-18.847891916216657,19.446228338430153
0,jacksonville-jaguars,2,Trevor Lawrence,INTERCEPTION,-26.060155076294038,43.35440492647981
0,jacksonville-jaguars,2,Trevor Lawrence,INCOMPLETE,-4.919657603760431,5.125350572800239
0,jacksonville-jaguars,2,Trevor Lawrence,INCOMPLETE,23.84852728575418,14.248450285147532
0,jacksonville-jaguars,2,Trevor Lawrence,INCOMPLETE,-16.129155270355643,19.356185099304394
0,jacksonville-jaguars,2,Trevor Lawrence,INCOMPLETE,3.1074426947622893,5.225452834627081
0,jacksonville-jaguars,2,Trevor Lawrence,INCOMPLETE,2.236365662397987,34.35336290175573
0,jacksonville-jaguars,2,Trevor Lawrence,INCOMPLETE,-22.738194392543942,39.9143502670134
0,jacksonville-jaguars,2,Trevor Lawrence,INCOMPLETE,23.960962597354268,32.415406231919896
0,jacksonville-jaguars,2,Trevor Lawrence,INCOMPLETE,-21.7528079819121,9.572942240599563
0,jacksonville-jaguars,2,Trevor Lawrence,INCOMPLETE,23.29020179864013,3.0532890884246533
0,jacksonville-jaguars,2,Trevor Lawrence,INCOMPLETE,7.820678173487444,3.8827726809377254
0,jacksonville-jaguars,2,Trevor Lawrence,INCOMPLETE,20.009168833218144,5.688447856206643
0,jacksonville-jaguars,2,Trevor Lawrence,INCOMPLETE,27.604482836750957,29.36556104446002
0,jacksonville-jaguars,2,Trevor Lawrence,INCOMPLETE,26.55316305948637,8.98384523334661
0,jacksonville-jaguars,2,Trevor Lawrence,INCOMPLETE,2.737035899397074,11.011708652237804
0,jacksonville-jaguars,2,Trevor Lawrence,INCOMPLETE,21.49448069607958,17.6456914504418
0,jacksonville-jaguars,2,Trevor Lawrence,INCOMPLETE,-21.18333631864548,9.570790974460675
0,jacksonville-jaguars,2,Trevor Lawrence,INCOMPLETE,25.971810982537452,9.197326343381407
0,houston-texans,3,Davis Mills,COMPLETE,-8.027916309510069,6.731306050922593
0,houston-texans,3,Davis Mills,COMPLETE,23.28728079186834,10.227679963862046
0,houston-texans,3,Davis Mills,COMPLETE,-17.842857632144625,0.5964521929958952
0,houston-texans,3,Davis Mills,COMPLETE,13.389406568755897,8.955604400271804
0,houston-texans,3,Davis Mills,COMPLETE,6.4791152109880095,15.60611288392509
0,houston-texans,3,Davis Mills,COMPLETE,-24.24810112636895,10.061298754548726
0,houston-texans,3,Davis Mills,COMPLETE,22.780356446284014,27.195202082816497
0,houston-texans,3,Davis Mills,COMPLETE,-12.156838246537717,-2.9023412041910266
0,houston-texans,3,Davis Mills,COMPLETE,10.938310195514802,4.62540240619679
0,houston-texans,3,Davis Mills,COMPLETE,18.005995973229467,5.369527348739968
0,houston-texans,3,Davis Mills,COMPLETE,-14.189739047952225,5.093422484839062
0,houston-texans,3,Davis Mills,COMPLETE,-5.828986053588612,3.897754574484294
0,houston-texans,3,Davis Mills,COMPLETE,21.57110070530468,8.180503846495702
0,houston-texans,3,Davis Mills,COMPLETE,15.653844214790976,0.9758795962885957
0,houston-texans,3,Davis Mills,COMPLETE,-9.608489669542832,5.127587886660715
0,houston-texans,3,Davis Mills,COMPLETE,23.157124783981622,13.839571511905465
0,houston-texans,3,Davis Mills,COMPLETE,14.337523789386479,6.505705974490941
0,houston-texans,3,Davis Mills,COMPLETE,23.708274739892374,5.37418477963016
0,houston-texans,3,Davis Mills,TOUCHDOWN,2.409810550274468,10.012232415902139
0,houston-texans,3,Davis Mills,INCOMPLETE,-15.50534584616418,15.60263761467885
0,houston-texans,3,Davis Mills,INCOMPLETE,20.913265777152503,18.835410105436075
0,houston-texans,3,Davis Mills,INCOMPLETE,-15.334466606902705,-3.331372157957763
0,houston-texans,3,Davis Mills,INCOMPLETE,-26.736900556614383,36.16183216405852
0,houston-texans,3,Davis Mills,INCOMPLETE,-4.90845996434382,5.020376629647477
0,houston-texans,3,Davis Mills,INCOMPLETE,-16.685346613957545,-4.598825044262089
0,houston-texans,3,Davis Mills,INCOMPLETE,-17.271990005290444,-4.598111695020986
0,houston-texans,3,Davis Mills,INCOMPLETE,20.32308012298777,18.88218252052146
0,houston-texans,3,Davis Mills,INCOMPLETE,-15.928669232828996,-3.3605504587156494
0,houston-texans,4,Davis Mills,COMPLETE,-12.28060475470608,3.7300506761882524
0,houston-texans,4,Davis Mills,COMPLETE,13.838256082080825,-2.0585807400746226
0,houston-texans,4,Davis Mills,COMPLETE,3.112049828437356,5.253874189151312
0,houston-texans,4,Davis Mills,COMPLETE,24.87074639307034,10.492252119122492
0,houston-texans,4,Davis Mills,COMPLETE,-3.3648634052357975,16.466723347042038
0,houston-texans,4,Davis Mills,COMPLETE,7.428318178533551,12.91943539398114
0,houston-texans,4,Davis Mills,COMPLETE,-20.195936946157236,5.294231068263109
0,houston-texans,4,Davis Mills,COMPLETE,-7.440172784109466,5.130218739865893
0,houston-texans,4,Davis Mills,COMPLETE,19.136756612629984,6.998372479293687
0,houston-texans,4,Davis Mills,COMPLETE,4.835598401145333,-2.930611883293206
0,houston-texans,4,Davis Mills,COMPLETE,12.70954912840315,-2.870306416278344
0,houston-texans,4,Davis Mills,INTERCEPTION,7.377709376534132,18.155718654434242
0,houston-texans,4,Davis Mills,INTERCEPTION,-1.0812088070691896,11.269651376146804
0,houston-texans,4,Davis Mills,INTERCEPTION,4.92638270029924,4.191608718518117
0,houston-texans,4,Davis Mills,INTERCEPTION,8.73092696445804,35.84358476069959
0,houston-texans,4,Davis Mills,INCOMPLETE,25.493624006829116,20.513235551919546
0,houston-texans,4,Davis Mills,INCOMPLETE,-16.61931964836095,-3.14196538352411
0,houston-texans,4,Davis Mills,INCOMPLETE,18.333005645557233,-0.3222846996153219
0,houston-texans,4,Davis Mills,INCOMPLETE,-10.093810058472666,4.803569806521902
0,houston-texans,4,Davis Mills,INCOMPLETE,22.972250140689965,36.79876184082963
0,houston-texans,4,Davis Mills,INCOMPLETE,-17.20333543389596,-3.1468772053634857
0,new-england-patriots,1,Mac Jones,COMPLETE,6.773028855552916,-1.179974831533617
0,new-england-patriots,1,Mac Jones,COMPLETE,-15.884536623927762,3.4113695937090798
0,new-england-patriots,1,Mac Jones,COMPLETE,20.686262481252953,6.3086124905311225
0,new-england-patriots,1,Mac Jones,COMPLETE,-5.582950394812609,12.098198727772804
0,new-england-patriots,1,Mac Jones,COMPLETE,-23.122329556270063,2.6248143294015174
0,new-england-patriots,1,Mac Jones,COMPLETE,15.54718412316729,0.33526495328096606
0,new-england-patriots,1,Mac Jones,COMPLETE,-8.301772295689782,-3.069694253180452
0,new-england-patriots,1,Mac Jones,COMPLETE,25.03496232274286,5.386914809960691
0,new-england-patriots,1,Mac Jones,COMPLETE,0.6545027529409083,5.992341944647042
0,new-england-patriots,1,Mac Jones,COMPLETE,-1.900715758468317,25.95313053275349
0,new-england-patriots,1,Mac Jones,COMPLETE,-22.065342991611537,20.46353211009141
0,new-england-patriots,1,Mac Jones,COMPLETE,-11.907572172505203,4.600661136275689
0,new-england-patriots,1,Mac Jones,COMPLETE,-19.31762841922328,4.439100226478857
0,new-england-patriots,1,Mac Jones,COMPLETE,21.95959689130887,18.686251318607287
0,new-england-patriots,1,Mac Jones,COMPLETE,-9.43593541838363,11.97376062620996
0,new-england-patriots,1,Mac Jones,COMPLETE,8.845449755816237,4.505679335954592
0,new-england-patriots,1,Mac Jones,COMPLETE,-17.07377291840073,8.73264858396494
0,new-england-patriots,1,Mac Jones,COMPLETE,5.301754512618077,4.99469750782869
0,new-england-patriots,1,Mac Jones,COMPLETE,-7.4940964259414065,0.9754976245085617
0,new-england-patriots,1,Mac Jones,COMPLETE,17.73139594583554,0.08164500509687948
0,new-england-patriots,1,Mac Jones,COMPLETE,-7.2181055412370245,8.626043577981692
0,new-england-patriots,1,Mac Jones,COMPLETE,-22.286410846455777,3.33965537520587
0,new-england-patriots,1,Mac Jones,COMPLETE,6.51630525055462,-4.736347029198506
0,new-england-patriots,1,Mac Jones,COMPLETE,5.377486934984811,1.3752778563634571
0,new-england-patriots,1,Mac Jones,COMPLETE,-14.1288595097832,6.1004587155963295
0,new-england-patriots,1,Mac Jones,COMPLETE,16.254360344040666,1.1852547805902893
0,new-england-patriots,1,Mac Jones,COMPLETE,-16.589716340883463,4.0651518639089215
0,new-england-patriots,1,Mac Jones,COMPLETE,-7.688634439014583,-3.047247706421978
0,new-england-patriots,1,Mac Jones,TOUCHDOWN,-14.186960663214403,3.8999704054453965
0,new-england-patriots,1,Mac Jones,INCOMPLETE,-27.315839387069282,18.75590145345847
0,new-england-patriots,1,Mac Jones,INCOMPLETE,2.2285791623803464,4.408418237978939
0,new-england-patriots,1,Mac Jones,INCOMPLETE,22.593239833488912,13.063143606066333
0,new-england-patriots,1,Mac Jones,INCOMPLETE,-11.96744050073642,-1.331100917431141
0,new-england-patriots,1,Mac Jones,INCOMPLETE,-8.374680209600685,27.591410716659983
0,new-england-patriots,1,Mac Jones,INCOMPLETE,-20.68337749128537,2.9453690470702703
0,new-england-patriots,1,Mac Jones,INCOMPLETE,18.376818174987473,2.642903950571113
0,new-england-patriots,1,Mac Jones,INCOMPLETE,2.0807004269331664,14.87965158231116
0,new-england-patriots,1,Mac Jones,INCOMPLETE,-0.6283357879234078,5.41590214067282
0,new-england-patriots,1,Mac Jones,INCOMPLETE,-11.389327118126035,-1.3223991691188604
0,new-england-patriots,3,Mac Jones,COMPLETE,15.601275459617277,10.080517078252692
0,new-england-patriots,3,Mac Jones,COMPLETE,-11.992489652053356,6.236489883121773
0,new-england-patriots,3,Mac Jones,COMPLETE,2.340498273577516,4.64118928538555
0,new-england-patriots,3,Mac Jones,COMPLETE,-21.067340987581,4.9762429389848215
0,new-england-patriots,3,Mac Jones,COMPLETE,-5.29956380537738,4.906861662618197
0,new-england-patriots,3,Mac Jones,COMPLETE,9.534011529169932,7.230698822878318
0,new-england-patriots,3,Mac Jones,COMPLETE,-17.030848273811227,17.415419789887917
0,new-england-patriots,3,Mac Jones,COMPLETE,15.89668505417658,-1.8341968381389893
0,new-england-patriots,3,Mac Jones,COMPLETE,-14.331518241436898,-4.11772176333737
0,new-england-patriots,3,Mac Jones,COMPLETE,-11.249538116856984,21.81496485166202
0,new-england-patriots,3,Mac Jones,COMPLETE,-24.08890027144849,15.693979732565731
0,new-england-patriots,3,Mac Jones,COMPLETE,18.527178857797722,4.361982428037502
0,new-england-patriots,3,Mac Jones,COMPLETE,-0.5947890467038186,5.022951329497746
0,new-england-patriots,3,Mac Jones,COMPLETE,8.885501363441632,-0.2581581697828983
0,new-england-patriots,3,Mac Jones,COMPLETE,-6.96140640991247,5.170414787746847
0,new-england-patriots,3,Mac Jones,COMPLETE,14.26551038949591,3.023817277351688
0,new-england-patriots,3,Mac Jones,COMPLETE,4.129534277162823,8.309085528262804
0,new-england-patriots,3,Mac Jones,COMPLETE,-11.801523770797019,-4.445635283850305
0,new-england-patriots,3,Mac Jones,COMPLETE,-12.973898528900598,11.268508401195698
0,new-england-patriots,3,Mac Jones,COMPLETE,2.0801769527519554,-2.3569914999157824
0,new-england-patriots,3,Mac Jones,COMPLETE,-10.82547210577957,9.334253114331434
0,new-england-patriots,3,Mac Jones,COMPLETE,-6.281109890507,11.049043985252458
0,new-england-patriots,3,Mac Jones,COMPLETE,-6.029847401105106,3.013381639689105
0,new-england-patriots,3,Mac Jones,COMPLETE,15.022833041069838,2.454600574512674
0,new-england-patriots,3,Mac Jones,COMPLETE,2.465424955192431,7.6305935218124326
0,new-england-patriots,3,Mac Jones,COMPLETE,10.570355996324366,4.934637070257336
0,new-england-patriots,3,Mac Jones,COMPLETE,-20.30318423932384,5.844999312417732
0,new-england-patriots,3,Mac Jones,COMPLETE,-20.487991451810647,8.805607838497686
0,new-england-patriots,3,Mac Jones,COMPLETE,2.9704197509647594,5.459996198213155
0,new-england-patriots,3,Mac Jones,TOUCHDOWN,21.404557823129252,14.681083442551333
0,new-england-patriots,3,Mac Jones,INTERCEPTION,-7.568638635470052,12.047075428618884
0,new-england-patriots,3,Mac Jones,INTERCEPTION,-13.609883498080272,23.725732142141716
0,new-england-patriots,3,Mac Jones,INTERCEPTION,-14.04414973390678,9.07854819255091
0,new-england-patriots,3,Mac Jones,INCOMPLETE,-22.36933345807486,35.03323808091452
0,new-england-patriots,3,Mac Jones,INCOMPLETE,10.391103092783528,24.113923367512125
0,new-england-patriots,3,Mac Jones,INCOMPLETE,-13.683411539975921,3.5281133617948313
0,new-england-patriots,3,Mac Jones,INCOMPLETE,24.39262855754892,5.431048561410243
0,new-england-patriots,3,Mac Jones,INCOMPLETE,-0.07497188378635573,19.36373448461955
0,new-england-patriots,3,Mac Jones,INCOMPLETE,-23.737782976021393,18.056364335549073
0,new-england-patriots,3,Mac Jones,INCOMPLETE,22.708008484821836,37.84328358208968
0,new-england-patriots,3,Mac Jones,INCOMPLETE,-6.119512040495853,32.04830184093817
0,new-england-patriots,3,Mac Jones,INCOMPLETE,-1.6225118207890799,44.509898599710326
0,new-england-patriots,3,Mac Jones,INCOMPLETE,-19.91679315809693,15.631781013163113
0,new-england-patriots,3,Mac Jones,INCOMPLETE,17.50207958972032,13.659084740242122
0,new-england-patriots,3,Mac Jones,INCOMPLETE,-8.662114031127647,0.14148725277752855
0,new-england-patriots,3,Mac Jones,INCOMPLETE,23.46979096535502,20.507863695937086
0,new-england-patriots,3,Mac Jones,INCOMPLETE,-24.275451482019687,29.622941855519798
0,new-england-patriots,3,Mac Jones,INCOMPLETE,-25.070724618746745,42.353580941106884
0,new-england-patriots,3,Mac Jones,INCOMPLETE,-16.08146907216499,16.935592585658117
0,new-england-patriots,3,Mac Jones,INCOMPLETE,-22.330573924071295,21.84133537206932
0,new-england-patriots,3,Mac Jones,INCOMPLETE,-25.63499317986375,29.730004310079455
0,new-england-patriots,4,Mac Jones,COMPLETE,5.307525530966581,-2.7251026074360167
0,new-england-patriots,4,Mac Jones,COMPLETE,-11.958969064037111,-4.518895437146729
0,new-england-patriots,4,Mac Jones,COMPLETE,25.80400295034231,7.332413225463234
0,new-england-patriots,4,Mac Jones,COMPLETE,13.179066757652153,1.8057413435927774
0,new-england-patriots,4,Mac Jones,COMPLETE,-19.795621195307206,10.729818262359677
0,new-england-patriots,4,Mac Jones,COMPLETE,2.577496093964021,4.835958751797113
0,new-england-patriots,4,Mac Jones,COMPLETE,7.376688043179262,15.488385926000865
0,new-england-patriots,4,Mac Jones,COMPLETE,7.573486048157695,4.645631067961167
0,new-england-patriots,4,Mac Jones,COMPLETE,-8.224888989095149,-1.935800432945062
0,new-england-patriots,4,Mac Jones,COMPLETE,16.396441311638114,-2.7163811208135327
0,new-england-patriots,4,Mac Jones,COMPLETE,-0.8833367840832554,3.1853235344219226
0,new-england-patriots,4,Mac Jones,COMPLETE,8.738328704601502,-1.8106937137494903
0,new-england-patriots,4,Mac Jones,COMPLETE,21.914418941882985,14.717421110999316
0,new-england-patriots,4,Mac Jones,COMPLETE,-11.787740271388945,4.810693933637794
0,new-england-patriots,4,Mac Jones,COMPLETE,21.183621910321563,4.862882723554767
0,new-england-patriots,4,Mac Jones,COMPLETE,10.315868149755808,5.35503767207529
0,new-england-patriots,4,Mac Jones,COMPLETE,-7.136998366753708,4.531257351211482
0,new-england-patriots,4,Mac Jones,COMPLETE,4.960974990677144,16.304229604016836
0,new-england-patriots,4,Mac Jones,COMPLETE,6.637020799800328,3.173840873914894
0,new-england-patriots,4,Mac Jones,COMPLETE,-21.549136738920144,10.430561353847407
0,new-england-patriots,4,Mac Jones,COMPLETE,2.25629669299773,7.03211009174312
0,new-england-patriots,4,Mac Jones,COMPLETE,10.95925103549986,7.078217977773199
0,new-england-patriots,4,Mac Jones,COMPLETE,4.315534148858362,3.449042002121946
0,new-england-patriots,4,Mac Jones,COMPLETE,17.53051087281369,-2.8437002310401325
0,new-england-patriots,4,Mac Jones,COMPLETE,7.916723554509407,-3.8790332486133376
0,new-england-patriots,4,Mac Jones,COMPLETE,-19.1644487664226,10.678874875941034
0,new-england-patriots,4,Mac Jones,COMPLETE,-1.7337920573988195,3.5591303254995648
0,new-england-patriots,4,Mac Jones,COMPLETE,21.78620248572139,4.873327366301188
0,new-england-patriots,4,Mac Jones,COMPLETE,3.6654416999789583,3.5782437745740556
0,new-england-patriots,4,Mac Jones,TOUCHDOWN,-2.7313191904817073,8.97598185754046
0,new-england-patriots,4,Mac Jones,TOUCHDOWN,-9.082211718345741,9.600793454004465
0,new-england-patriots,4,Mac Jones,INTERCEPTION,1.0168567501227288,24.614434250764532
0,new-england-patriots,4,Mac Jones,INCOMPLETE,3.459206918006178,9.676200755531559
0,new-england-patriots,4,Mac Jones,INCOMPLETE,-16.96645464215053,12.98369011213053
0,new-england-patriots,4,Mac Jones,INCOMPLETE,4.60195188126796,4.655417212756648
0,new-england-patriots,4,Mac Jones,INCOMPLETE,1.5191167067782496,4.204687849630775
0,new-england-patriots,4,Mac Jones,INCOMPLETE,7.976843661493138,3.82244177840509
0,new-england-patriots,4,Mac Jones,INCOMPLETE,-20.42553322359873,10.792228818132752
0,new-england-patriots,4,Mac Jones,INCOMPLETE,4.001774592321828,7.271283928316772
0,new-england-patriots,4,Mac Jones,INCOMPLETE,6.7666931007137086,4.391848976711363
0,new-england-patriots,2,Mac Jones,COMPLETE,21.22474677283638,2.851963810087516
0,new-england-patriots,2,Mac Jones,COMPLETE,-12.15216391200931,10.24936217184401
0,new-england-patriots,2,Mac Jones,COMPLETE,-17.468574452792247,2.3087523709983313
0,new-england-patriots,2,Mac Jones,COMPLETE,11.558342348815856,8.123630925918459
0,new-england-patriots,2,Mac Jones,COMPLETE,-5.14723002760194,4.169026064766982
0,new-england-patriots,2,Mac Jones,COMPLETE,-24.308195364915466,20.790042048929603
0,new-england-patriots,2,Mac Jones,COMPLETE,-6.529606993459152,-3.587491608860958
0,new-england-patriots,2,Mac Jones,COMPLETE,-9.592303772541722,0.7100627824953532
0,new-england-patriots,2,Mac Jones,COMPLETE,7.508771252028786,4.858407511041367
0,new-england-patriots,2,Mac Jones,COMPLETE,14.16293250852044,-0.5851025072037022
0,new-england-patriots,2,Mac Jones,COMPLETE,-15.583752001024658,-5.100129393794937
0,new-england-patriots,2,Mac Jones,COMPLETE,-22.5851504142012,10.568786028620535
0,new-england-patriots,2,Mac Jones,COMPLETE,8.768738674786482,15.395640911858363
0,new-england-patriots,2,Mac Jones,COMPLETE,-1.823601043908604,4.31551047708417
0,new-england-patriots,2,Mac Jones,COMPLETE,-16.48759727221809,8.126037073415407
0,new-england-patriots,2,Mac Jones,COMPLETE,17.643142316234727,0.22839208112020098
0,new-england-patriots,2,Mac Jones,COMPLETE,-10.860522287678032,-4.520988786952043
0,new-england-patriots,2,Mac Jones,COMPLETE,-16.174913553654918,-2.0548366852941617
0,new-england-patriots,2,Mac Jones,COMPLETE,-7.3572051977258495,-2.6874281065004992
0,new-england-patriots,2,Mac Jones,COMPLETE,-16.643898115582463,2.1977290388429482
0,new-england-patriots,2,Mac Jones,COMPLETE,-10.280595755137554,3.4353322891027154
0,new-england-patriots,2,Mac Jones,COMPLETE,-10.75519488585785,-2.0573229149934695
0,new-england-patriots,2,Mac Jones,INCOMPLETE,-23.855549408141854,15.101996762007497
0,new-england-patriots,2,Mac Jones,INCOMPLETE,1.5850910375790142,2.598623853210929
0,new-england-patriots,2,Mac Jones,INCOMPLETE,-9.602709438494628,11.053887948695113
0,new-england-patriots,2,Mac Jones,INCOMPLETE,8.668949117256712,4.920659191301323
0,new-england-patriots,2,Mac Jones,INCOMPLETE,-24.42839099466877,23.005633349428482
0,new-england-patriots,2,Mac Jones,INCOMPLETE,-23.079159900136215,8.914732865623312
0,new-england-patriots,2,Mac Jones,INCOMPLETE,-9.015232521874712,11.040366972477063
0,new-england-patriots,2,Mac Jones,INCOMPLETE,0.9948649975454382,2.6140417940876595
0,new-york-jets,1,Zach Wilson,COMPLETE,22.371651227347446,3.6330275229358144
0,new-york-jets,1,Zach Wilson,COMPLETE,-11.52978878863836,2.159024950301371
0,new-york-jets,1,Zach Wilson,COMPLETE,3.430962974688024,-4.031981479893754
0,new-york-jets,1,Zach Wilson,COMPLETE,-22.29208252659858,3.3771452863018405
0,new-york-jets,1,Zach Wilson,COMPLETE,-23.959761574596723,28.440690652721248
0,new-york-jets,1,Zach Wilson,COMPLETE,-5.445597874214496,4.858476651228639
0,new-york-jets,1,Zach Wilson,COMPLETE,-8.346554602973498,19.698969811900817
0,new-york-jets,1,Zach Wilson,COMPLETE,5.628906156985939,13.590172486136396
0,new-york-jets,1,Zach Wilson,COMPLETE,-17.608871200541927,3.51408912188732
0,new-york-jets,1,Zach Wilson,COMPLETE,0.16033743596454286,12.078061939986908
0,new-york-jets,1,Zach Wilson,COMPLETE,7.206290729086021,4.626803895306092
0,new-york-jets,1,Zach Wilson,COMPLETE,3.3036556652745723,4.56411490449692
0,new-york-jets,1,Zach Wilson,COMPLETE,-7.862806431450155,6.259823250837185
0,new-york-jets,1,Zach Wilson,COMPLETE,-11.298941164366703,-4.087766574822771
0,new-york-jets,1,Zach Wilson,COMPLETE,-7.842628807800628,15.564178764470645
0,new-york-jets,1,Zach Wilson,COMPLETE,-18.847861572385412,1.9885927192455437
0,new-york-jets,1,Zach Wilson,COMPLETE,-6.128257315422265,4.9634301732925445
0,new-york-jets,1,Zach Wilson,COMPLETE,2.8254304635762484,-4.054742086396549
0,new-york-jets,1,Zach Wilson,TOUCHDOWN,20.060601804123714,11.181651376146796
0,new-york-jets,1,Zach Wilson,TOUCHDOWN,22.11769056929562,30.209111040809876
0,new-york-jets,1,Zach Wilson,INTERCEPTION,8.023333426438473,11.334767478646
0,new-york-jets,1,Zach Wilson,INCOMPLETE,23.808928236711697,25.012232415902112
0,new-york-jets,1,Zach Wilson,INCOMPLETE,-9.268569693651793,8.37191988087804
0,new-york-jets,1,Zach Wilson,INCOMPLETE,-21.16335704559976,-2.4691448848883293
0,new-york-jets,1,Zach Wilson,INCOMPLETE,9.408837536818801,-1.676490825688046
0,new-york-jets,1,Zach Wilson,INCOMPLETE,9.926832760595596,51.504332313965094
0,new-york-jets,1,Zach Wilson,INCOMPLETE,-14.84981691529293,38.93052678307174
0,new-york-jets,1,Zach Wilson,INCOMPLETE,-1.1449314486130278,3.1357230681926263
0,new-york-jets,1,Zach Wilson,INCOMPLETE,-16.14814793507591,6.3935397553516555
0,new-york-jets,1,Zach Wilson,INCOMPLETE,22.38510623143984,4.737328921642324
0,new-york-jets,1,Zach Wilson,INCOMPLETE,21.112018095560142,41.76327267258213
0,new-york-jets,1,Zach Wilson,INCOMPLETE,-16.814912501082695,-2.3873898183125974
0,new-york-jets,1,Zach Wilson,INCOMPLETE,12.287520534294787,0.15865625998457158
0,new-york-jets,1,Zach Wilson,INCOMPLETE,21.363416789396375,14.982462709854621
0,new-york-jets,1,Zach Wilson,INCOMPLETE,1.8955129780587514,1.1338748319991292
0,new-york-jets,1,Zach Wilson,INCOMPLETE,-9.321219369849333,4.26268787819641
0,new-york-jets,1,Zach Wilson,INCOMPLETE,10.00611430069139,-1.7224381900170334
0,new-york-jets,3,Zach Wilson,COMPLETE,-10.114914153102633,3.527158875782717
0,new-york-jets,3,Zach Wilson,COMPLETE,15.767453054947593,-4.645435653099398
0,new-york-jets,3,Zach Wilson,COMPLETE,-25.199716940423777,13.739554724478424
0,new-york-jets,3,Zach Wilson,COMPLETE,3.5625266597080554,-4.062563463079944
0,new-york-jets,3,Zach Wilson,COMPLETE,23.15879282285861,13.858306659672554
0,new-york-jets,3,Zach Wilson,COMPLETE,11.07331591866267,7.873684210526285
0,new-york-jets,3,Zach Wilson,COMPLETE,-3.475808227256339,3.143933914500023
0,new-york-jets,3,Zach Wilson,COMPLETE,-20.737143719968422,22.60285423037716
0,new-york-jets,3,Zach Wilson,COMPLETE,-19.872639740573685,4.710745311358261
0,new-york-jets,3,Zach Wilson,COMPLETE,11.651387440258,-7.553061357277457
0,new-york-jets,3,Zach Wilson,COMPLETE,-15.734725130845906,2.361514076375669
0,new-york-jets,3,Zach Wilson,COMPLETE,-10.93778795409913,11.974834352701286
0,new-york-jets,3,Zach Wilson,COMPLETE,8.263433213131844,6.237323092240955
0,new-york-jets,3,Zach Wilson,COMPLETE,16.445176458364635,3.0207423692943407
0,new-york-jets,3,Zach Wilson,COMPLETE,-22.642779218302497,12.494434516975907
0,new-york-jets,3,Zach Wilson,COMPLETE,-13.043680560827406,7.374601973580476
0,new-york-jets,3,Zach Wilson,COMPLETE,15.88710153655356,-0.8498309995171887
0,new-york-jets,3,Zach Wilson,COMPLETE,-9.345556776187724,3.928438374722333
0,new-york-jets,3,Zach Wilson,COMPLETE,-19.85530663912309,21.993301940407715
0,new-york-jets,3,Zach Wilson,INTERCEPTION,-12.111008683112459,22.30948012232415
0,new-york-jets,3,Zach Wilson,INTERCEPTION,9.794429537923376,8.535632372214932
0,new-york-jets,3,Zach Wilson,INCOMPLETE,4.039422141986115,14.369340041432348
0,new-york-jets,3,Zach Wilson,INCOMPLETE,-23.93228099131588,12.011494252873572
0,new-york-jets,3,Zach Wilson,INCOMPLETE,24.656119338533376,13.946539811983238
0,new-york-jets,3,Zach Wilson,INCOMPLETE,-4.299094175338646,3.6274826091339976
0,new-york-jets,3,Zach Wilson,INCOMPLETE,11.46664921512981,4.842805996867321
0,new-york-jets,3,Zach Wilson,INCOMPLETE,-21.306193351567487,33.45845347313227
0,new-york-jets,3,Zach Wilson,INCOMPLETE,6.786456341268568,6.542562417271439
0,new-york-jets,3,Zach Wilson,INCOMPLETE,-3.186530540268191,12.697006277160817
0,new-york-jets,3,Zach Wilson,INCOMPLETE,-6.992011715425475,3.7141671661056996
0,new-york-jets,3,Zach Wilson,INCOMPLETE,7.963160509448406,2.2031270189947283
0,new-york-jets,3,Zach Wilson,INCOMPLETE,-5.971439885554772,6.298929663608559
0,new-york-jets,3,Zach Wilson,INCOMPLETE,12.035880351429538,4.852736475798812
0,new-york-jets,3,Zach Wilson,INCOMPLETE,-25.382698938066873,10.21178174794786
0,new-york-jets,3,Zach Wilson,INCOMPLETE,7.3765076414205595,2.23755451947658
0,new-york-jets,4,Zach Wilson,COMPLETE,-24.795966499136767,30.62608797929876
0,new-york-jets,4,Zach Wilson,COMPLETE,11.021359342754739,6.370452388484684
0,new-york-jets,4,Zach Wilson,COMPLETE,-9.73195802244108,-5.515332758883065
0,new-york-jets,4,Zach Wilson,COMPLETE,22.016256036757245,48.71694380733919
0,new-york-jets,4,Zach Wilson,COMPLETE,21.661502279262358,6.60672782874617
0,new-york-jets,4,Zach Wilson,COMPLETE,-19.505894565827703,15.275367557166591
0,new-york-jets,4,Zach Wilson,COMPLETE,0.8882803194379553,4.824284943335179
0,new-york-jets,4,Zach Wilson,COMPLETE,9.6944089104422,-3.976070045697317
0,new-york-jets,4,Zach Wilson,COMPLETE,13.853107119533,-4.880111254099575
0,new-york-jets,4,Zach Wilson,COMPLETE,-17.16446239518401,2.656812776078772
0,new-york-jets,4,Zach Wilson,COMPLETE,5.30215490469986,2.2123858347801204
0,new-york-jets,4,Zach Wilson,COMPLETE,-13.503083348674314,-6.440881050300744
0,new-york-jets,4,Zach Wilson,COMPLETE,-2.391716592745199,12.995365116402377
0,new-york-jets,4,Zach Wilson,COMPLETE,-21.752226456110023,6.726215910519055
0,new-york-jets,4,Zach Wilson,COMPLETE,-18.443784083245006,26.44319643316449
0,new-york-jets,4,Zach Wilson,COMPLETE,16.906907165534417,-1.306455879707676
0,new-york-jets,4,Zach Wilson,COMPLETE,-7.97563196694487,1.0860958205911215
0,new-york-jets,4,Zach Wilson,COMPLETE,22.291090867894802,13.603387438249776
0,new-york-jets,4,Zach Wilson,COMPLETE,-12.17310063226555,-1.3550186809536378
0,new-york-jets,4,Zach Wilson,TOUCHDOWN,22.398599999999995,3.891376146788974
0,new-york-jets,4,Zach Wilson,TOUCHDOWN,18.839028672680413,51.25344036697247
0,new-york-jets,4,Zach Wilson,INTERCEPTION,-5.300563184974083,19.287461773700308
0,new-york-jets,4,Zach Wilson,INCOMPLETE,12.769033302747278,13.06854315769246
0,new-york-jets,4,Zach Wilson,INCOMPLETE,-23.762343390518716,10.18120505826928
0,new-york-jets,4,Zach Wilson,INCOMPLETE,23.280931803305453,19.179918450560734
0,new-york-jets,4,Zach Wilson,INCOMPLETE,0.31974615912432436,13.776949541284369
0,new-york-jets,4,Zach Wilson,INCOMPLETE,18.884266479609916,1.9905093324896779
0,new-york-jets,4,Zach Wilson,INCOMPLETE,-15.765890894148923,2.4170003548076613
0,new-york-jets,4,Zach Wilson,INCOMPLETE,-21.71582222308355,0.9300338000966449
0,new-york-jets,4,Zach Wilson,INCOMPLETE,22.729610783832367,-0.4132008154943007
0,new-york-jets,4,Zach Wilson,INCOMPLETE,9.702723468295503,12.749235474006086
0,new-york-jets,4,Zach Wilson,INCOMPLETE,22.257195358097363,14.752633367312242
0,new-york-jets,4,Zach Wilson,INCOMPLETE,23.809633952118308,23.994879453808483
0,new-york-jets,4,Zach Wilson,INCOMPLETE,17.90097482827232,4.092163316758839
0,new-york-jets,2,Zach Wilson,COMPLETE,16.10848733314741,10.264777083961107
0,new-york-jets,2,Zach Wilson,COMPLETE,-24.362720723046465,23.145830809387746
0,new-york-jets,2,Zach Wilson,COMPLETE,0.22232308621667526,1.4807776321538877
0,new-york-jets,2,Zach Wilson,COMPLETE,-20.653089549417043,4.645270270270307
0,new-york-jets,2,Zach Wilson,COMPLETE,13.629598402563674,2.1067469418961307
0,new-york-jets,2,Zach Wilson,COMPLETE,24.391775818965872,3.583734520241084
0,new-york-jets,2,Zach Wilson,COMPLETE,-14.969034691932615,2.3301871207199287
0,new-york-jets,2,Zach Wilson,COMPLETE,4.765939141949366,3.5229357798165797
0,new-york-jets,2,Zach Wilson,COMPLETE,-24.570737088500678,7.182444710366528
0,new-york-jets,2,Zach Wilson,COMPLETE,-25.988823580576533,28.170206904151502
0,new-york-jets,2,Zach Wilson,COMPLETE,15.021197569109221,-0.09384161130433084
0,new-york-jets,2,Zach Wilson,COMPLETE,1.1439753565551491,6.789080476944676
0,new-york-jets,2,Zach Wilson,COMPLETE,22.1810236802908,8.149281673096596
0,new-york-jets,2,Zach Wilson,COMPLETE,-23.955038055767023,29.61423713490211
0,new-york-jets,2,Zach Wilson,COMPLETE,-21.68709369587191,3.2528417286943205
0,new-york-jets,2,Zach Wilson,COMPLETE,12.815699840671337,0.7499120110749734
0,new-york-jets,2,Zach Wilson,COMPLETE,15.152536981287112,-1.8676085112944796
0,new-york-jets,2,Zach Wilson,COMPLETE,-15.604941639949159,2.1929371024565785
0,new-york-jets,2,Zach Wilson,COMPLETE,-20.1933102918588,6.143303409950332
0,new-york-jets,2,Zach Wilson,INTERCEPTION,23.082613320242277,20.519877675840984
0,new-york-jets,2,Zach Wilson,INTERCEPTION,-20.204251381493535,34.39473065161134
0,new-york-jets,2,Zach Wilson,INTERCEPTION,4.534952611599209,18.577942106928194
0,new-york-jets,2,Zach Wilson,INTERCEPTION,23.19407591258162,15.930086828309282
0,new-york-jets,2,Zach Wilson,INCOMPLETE,-12.78625728543231,5.229455397228171
0,new-york-jets,2,Zach Wilson,INCOMPLETE,21.902876133633004,4.406373732496357
0,new-york-jets,2,Zach Wilson,INCOMPLETE,-27.290063205694697,17.559032328527717
0,new-york-jets,2,Zach Wilson,INCOMPLETE,-21.32869896053451,-4.379426494703747
0,new-york-jets,2,Zach Wilson,INCOMPLETE,-7.513082873750498,6.086716767519023
0,new-york-jets,2,Zach Wilson,INCOMPLETE,16.196102952521162,1.131716906946237
0,new-york-jets,2,Zach Wilson,INCOMPLETE,-23.01512195972153,16.466261332175215
0,new-york-jets,2,Zach Wilson,INCOMPLETE,-24.456633660263883,28.616533281280475
0,new-york-jets,2,Zach Wilson,INCOMPLETE,-26.155113999124357,13.876419538804834
0,new-york-jets,2,Zach Wilson,INCOMPLETE,22.586828243815887,3.3302752293577753
